symbol,name,sector,effective_from,effective_to,source
AKBNK.IS,AKBANK T.A.Ş.,MALİ KURULUŞLAR,2026-09-19,,"KAP Endeksler (kap.org.tr/tr/Endeksler) + KAP Sektörler, 2026-09-19"
AKSA.IS,AKSA AKRİLİK KİMYA SANAYİİ A.Ş.,İMALAT,2026-09-19,,"KAP Endeksler (kap.org.tr/tr/Endeksler) + KAP Sektörler, 2026-09-19"
AKSEN.IS,AKSA ENERJİ ÜRETİM A.Ş.,ELEKTRİK GAZ VE SU,2026-09-19,,"KAP Endeksler (kap.org.tr/tr/Endeksler) + KAP Sektörler, 2026-09-19"
ALARK.IS,ALARKO HOLDİNG A.Ş.,MALİ KURULUŞLAR,2026-09-19,,"KAP Endeksler (kap.org.tr/tr/Endeksler) + KAP Sektörler, 2026-09-19"
ALTNY.IS,ALTINAY SAVUNMA TEKNOLOJİLERİ A.Ş.,TEKNOLOJİ,2026-09-19,,"KAP Endeksler (kap.org.tr/tr/Endeksler) + KAP Sektörler, 2026-09-19"
ANSGR.IS,ANADOLU ANONİM TÜRK SİGORTA ŞİRKETİ,MALİ KURULUŞLAR,2026-09-19,,"KAP Endeksler (kap.org.tr/tr/Endeksler) + KAP Sektörler, 2026-09-19"
AEFES.IS,ANADOLU EFES BİRACILIK VE MALT SANAYİİ A.Ş.,İMALAT,2026-09-19,,"KAP Endeksler (kap.org.tr/tr/Endeksler) + KAP Sektörler, 2026-09-19"
ARCLK.IS,ARÇELİK A.Ş.,İMALAT,2026-09-19,,"KAP Endeksler (kap.org.tr/tr/Endeksler) + KAP Sektörler, 2026-09-19"
ASELS.IS,ASELSAN ELEKTRONİK SANAYİ VE TİCARET A.Ş.,TEKNOLOJİ,2026-09-19,,"KAP Endeksler (kap.org.tr/tr/Endeksler) + KAP Sektörler, 2026-09-19"
ASTOR.IS,ASTOR ENERJİ A.Ş.,İMALAT,2026-09-19,,"KAP Endeksler (kap.org.tr/tr/Endeksler) + KAP Sektörler, 2026-09-19"
BALSU.IS,BALSU GIDA SANAYİ VE TİCARET A.Ş.,İMALAT,2026-09-19,,"KAP Endeksler (kap.org.tr/tr/Endeksler) + KAP Sektörler, 2026-09-19"
BTCIM.IS,BATIÇİM BATI ANADOLU SANAYİ VE TİCARET A.Ş.,İMALAT,2026-09-19,,"KAP Endeksler (kap.org.tr/tr/Endeksler) + KAP Sektörler, 2026-09-19"
BSOKE.IS,BATIÇİM ÇİMENTO SANAYİ A.Ş.,İMALAT,2026-09-19,,"KAP Endeksler (kap.org.tr/tr/Endeksler) + KAP Sektörler, 2026-09-19"
BERA.IS,BERA HOLDİNG A.Ş.,MALİ KURULUŞLAR,2026-09-19,,"KAP Endeksler (kap.org.tr/tr/Endeksler) + KAP Sektörler, 2026-09-19"
BIMAS.IS,BİM BİRLEŞİK MAĞAZALAR A.Ş.,TOPTAN VE PERAKENDE TİCARET,2026-09-19,,"KAP Endeksler (kap.org.tr/tr/Endeksler) + KAP Sektörler, 2026-09-19"
BRSAN.IS,BORUSAN BİRLEŞİK BORU FABRİKALARI SANAYİ VE TİCARET A.Ş.,İMALAT,2026-09-19,,"KAP Endeksler (kap.org.tr/tr/Endeksler) + KAP Sektörler, 2026-09-19"
BRYAT.IS,BORUSAN YATIRIM VE PAZARLAMA A.Ş.,MALİ KURULUŞLAR,2026-09-19,,"KAP Endeksler (kap.org.tr/tr/Endeksler) + KAP Sektörler, 2026-09-19"
CCOLA.IS,COCA-COLA İÇECEK A.Ş.,İMALAT,2026-09-19,,"KAP Endeksler (kap.org.tr/tr/Endeksler) + KAP Sektörler, 2026-09-19"
CVKMD.IS,CVK MADEN İŞLETMELERİ SANAYİ VE TİCARET A.Ş.,MADENCİLİK VE TAŞ OCAKÇILIĞI,2026-09-19,,"KAP Endeksler (kap.org.tr/tr/Endeksler) + KAP Sektörler, 2026-09-19"
CWENE.IS,CW ENERJİ MÜHENDİSLİK TİCARET VE SANAYİ A.Ş.,ELEKTRİK GAZ VE SU,2026-09-19,,"KAP Endeksler (kap.org.tr/tr/Endeksler) + KAP Sektörler, 2026-09-19"
CANTE.IS,ÇAN2 TERMİK A.Ş.,ELEKTRİK GAZ VE SU,2026-09-19,,"KAP Endeksler (kap.org.tr/tr/Endeksler) + KAP Sektörler, 2026-09-19"
CIMSA.IS,ÇİMSA ÇİMENTO SANAYİ VE TİCARET A.Ş.,İMALAT,2026-09-19,,"KAP Endeksler (kap.org.tr/tr/Endeksler) + KAP Sektörler, 2026-09-19"
DAPGM.IS,DAP GAYRİMENKUL GELİŞTİRME A.Ş.,İNŞAAT VE BAYINDIRLIK,2026-09-19,,"KAP Endeksler (kap.org.tr/tr/Endeksler) + KAP Sektörler, 2026-09-19"
DSTKF.IS,DESTEK FİNANS FAKTORİNG A.Ş.,MALİ KURULUŞLAR,2026-09-19,,"KAP Endeksler (kap.org.tr/tr/Endeksler) + KAP Sektörler, 2026-09-19"
DOHOL.IS,DOĞAN ŞİRKETLER GRUBU HOLDİNG A.Ş.,MALİ KURULUŞLAR,2026-09-19,,"KAP Endeksler (kap.org.tr/tr/Endeksler) + KAP Sektörler, 2026-09-19"
DOAS.IS,DOĞUŞ OTOMOTİV SERVİS VE TİCARET A.Ş.,TOPTAN VE PERAKENDE TİCARET,2026-09-19,,"KAP Endeksler (kap.org.tr/tr/Endeksler) + KAP Sektörler, 2026-09-19"
EFOR.IS,EFOR YATIRIM SANAYİ TİCARET A.Ş.,İMALAT,2026-09-19,,"KAP Endeksler (kap.org.tr/tr/Endeksler) + KAP Sektörler, 2026-09-19"
ECILC.IS,EİS ECZACIBAŞI İLAÇ SINAİ VE FİNANSAL YATIRIMLAR SANAYİ VE TİCARET A.Ş.,MALİ KURULUŞLAR,2026-09-19,,"KAP Endeksler (kap.org.tr/tr/Endeksler) + KAP Sektörler, 2026-09-19"
EKGYO.IS,EMLAK KONUT GAYRİMENKUL YATIRIM ORTAKLIĞI A.Ş.,MALİ KURULUŞLAR,2026-09-19,,"KAP Endeksler (kap.org.tr/tr/Endeksler) + KAP Sektörler, 2026-09-19"
ENJSA.IS,ENERJİSA ENERJİ A.Ş.,ELEKTRİK GAZ VE SU,2026-09-19,,"KAP Endeksler (kap.org.tr/tr/Endeksler) + KAP Sektörler, 2026-09-19"
ENERY.IS,ENERYA ENERJİ A.Ş.,ELEKTRİK GAZ VE SU,2026-09-19,,"KAP Endeksler (kap.org.tr/tr/Endeksler) + KAP Sektörler, 2026-09-19"
ENKAI.IS,ENKA İNŞAAT VE SANAYİ A.Ş.,İNŞAAT VE BAYINDIRLIK,2026-09-19,,"KAP Endeksler (kap.org.tr/tr/Endeksler) + KAP Sektörler, 2026-09-19"
EREGL.IS,EREĞLİ DEMİR VE ÇELİK FABRİKALARI T.A.Ş.,İMALAT,2026-09-19,,"KAP Endeksler (kap.org.tr/tr/Endeksler) + KAP Sektörler, 2026-09-19"
ESEN.IS,ESENBOĞA ELEKTRİK ÜRETİM A.Ş.,ELEKTRİK GAZ VE SU,2026-09-19,,"KAP Endeksler (kap.org.tr/tr/Endeksler) + KAP Sektörler, 2026-09-19"
EUREN.IS,EUROPEN ENDÜSTRİ İNŞAAT SANAYİ VE TİCARET A.Ş.,İMALAT,2026-09-19,,"KAP Endeksler (kap.org.tr/tr/Endeksler) + KAP Sektörler, 2026-09-19"
EUPWR.IS,EUROPOWER ENERJİ VE OTOMASYON TEKNOLOJİLERİ SANAYİ TİCARET A.Ş.,İMALAT,2026-09-19,,"KAP Endeksler (kap.org.tr/tr/Endeksler) + KAP Sektörler, 2026-09-19"
FENER.IS,FENERBAHÇE FUTBOL A.Ş.,EĞİTİM SAĞLIK SPOR VE EĞLENCE HİZMETLERİ,2026-09-19,,"KAP Endeksler (kap.org.tr/tr/Endeksler) + KAP Sektörler, 2026-09-19"
FROTO.IS,FORD OTOMOTİV SANAYİ A.Ş.,İMALAT,2026-09-19,,"KAP Endeksler (kap.org.tr/tr/Endeksler) + KAP Sektörler, 2026-09-19"
GSRAY.IS,GALATASARAY SPORTİF SINAİ VE TİCARİ YATIRIMLAR A.Ş.,EĞİTİM SAĞLIK SPOR VE EĞLENCE HİZMETLERİ,2026-09-19,,"KAP Endeksler (kap.org.tr/tr/Endeksler) + KAP Sektörler, 2026-09-19"
GENIL.IS,GEN İLAÇ VE SAĞLIK ÜRÜNLERİ SANAYİ VE TİCARET A.Ş.,TOPTAN VE PERAKENDE TİCARET,2026-09-19,,"KAP Endeksler (kap.org.tr/tr/Endeksler) + KAP Sektörler, 2026-09-19"
GESAN.IS,GİRİŞİM ELEKTRİK SANAYİ TAAHHÜT VE TİCARET A.Ş.,İNŞAAT VE BAYINDIRLIK,2026-09-19,,"KAP Endeksler (kap.org.tr/tr/Endeksler) + KAP Sektörler, 2026-09-19"
GRTHO.IS,GRAINTURK HOLDİNG A.Ş.,MALİ KURULUŞLAR,2026-09-19,,"KAP Endeksler (kap.org.tr/tr/Endeksler) + KAP Sektörler, 2026-09-19"
GUBRF.IS,GÜBRE FABRİKALARI T.A.Ş.,İMALAT,2026-09-19,,"KAP Endeksler (kap.org.tr/tr/Endeksler) + KAP Sektörler, 2026-09-19"
GLRMK.IS,GÜLERMAK AĞIR SANAYİ İNŞAAT VE TAAHHÜT A.Ş.,İNŞAAT VE BAYINDIRLIK,2026-09-19,,"KAP Endeksler (kap.org.tr/tr/Endeksler) + KAP Sektörler, 2026-09-19"
GRSEL.IS,GÜR-SEL TURİZM TAŞIMACILIK VE SERVİS TİCARET A.Ş.,ULAŞTIRMA VE DEPOLAMA,2026-09-19,,"KAP Endeksler (kap.org.tr/tr/Endeksler) + KAP Sektörler, 2026-09-19"
SAHOL.IS,HACI ÖMER SABANCI HOLDİNG A.Ş.,MALİ KURULUŞLAR,2026-09-19,,"KAP Endeksler (kap.org.tr/tr/Endeksler) + KAP Sektörler, 2026-09-19"
HEKTS.IS,HEKTAŞ TİCARET T.A.Ş.,İMALAT,2026-09-19,,"KAP Endeksler (kap.org.tr/tr/Endeksler) + KAP Sektörler, 2026-09-19"
IEYHO.IS,IŞIKLAR ENERJİ VE YAPI HOLDİNG A.Ş.,MALİ KURULUŞLAR,2026-09-19,,"KAP Endeksler (kap.org.tr/tr/Endeksler) + KAP Sektörler, 2026-09-19"
ISMEN.IS,İŞ YATIRIM MENKUL DEĞERLER A.Ş.,MALİ KURULUŞLAR,2026-09-19,,"KAP Endeksler (kap.org.tr/tr/Endeksler) + KAP Sektörler, 2026-09-19"
IZENR.IS,İZDEMİR ENERJİ ELEKTRİK ÜRETİM A.Ş.,ELEKTRİK GAZ VE SU,2026-09-19,,"KAP Endeksler (kap.org.tr/tr/Endeksler) + KAP Sektörler, 2026-09-19"
KRDMD.IS,KARDEMİR KARABÜK DEMİR ÇELİK SANAYİ VE TİCARET A.Ş.,İMALAT,2026-09-19,,"KAP Endeksler (kap.org.tr/tr/Endeksler) + KAP Sektörler, 2026-09-19"
KTLEV.IS,KATILIMEVİM TASARRUF FİNANSMAN A.Ş.,MALİ KURULUŞLAR,2026-09-19,,"KAP Endeksler (kap.org.tr/tr/Endeksler) + KAP Sektörler, 2026-09-19"
KLRHO.IS,KİLER HOLDİNG A.Ş.,MALİ KURULUŞLAR,2026-09-19,,"KAP Endeksler (kap.org.tr/tr/Endeksler) + KAP Sektörler, 2026-09-19"
KCHOL.IS,KOÇ HOLDİNG A.Ş.,MALİ KURULUŞLAR,2026-09-19,,"KAP Endeksler (kap.org.tr/tr/Endeksler) + KAP Sektörler, 2026-09-19"
KUYAS.IS,KUYAŞ YATIRIM A.Ş.,İNŞAAT VE BAYINDIRLIK,2026-09-19,,"KAP Endeksler (kap.org.tr/tr/Endeksler) + KAP Sektörler, 2026-09-19"
MAGEN.IS,MARGÜN ENERJİ ÜRETİM SANAYİ VE TİCARET A.Ş.,ELEKTRİK GAZ VE SU,2026-09-19,,"KAP Endeksler (kap.org.tr/tr/Endeksler) + KAP Sektörler, 2026-09-19"
MAVI.IS,MAVİ GİYİM SANAYİ VE TİCARET A.Ş.,TOPTAN VE PERAKENDE TİCARET,2026-09-19,,"KAP Endeksler (kap.org.tr/tr/Endeksler) + KAP Sektörler, 2026-09-19"
MIATK.IS,MİA TEKNOLOJİ A.Ş.,TEKNOLOJİ,2026-09-19,,"KAP Endeksler (kap.org.tr/tr/Endeksler) + KAP Sektörler, 2026-09-19"
MGROS.IS,MİGROS TİCARET A.Ş.,TOPTAN VE PERAKENDE TİCARET,2026-09-19,,"KAP Endeksler (kap.org.tr/tr/Endeksler) + KAP Sektörler, 2026-09-19"
MPARK.IS,MLP SAĞLIK HİZMETLERİ A.Ş.,EĞİTİM SAĞLIK SPOR VE EĞLENCE HİZMETLERİ,2026-09-19,,"KAP Endeksler (kap.org.tr/tr/Endeksler) + KAP Sektörler, 2026-09-19"
OBAMS.IS,OBA MAKARNACILIK SANAYİ VE TİCARET A.Ş.,İMALAT,2026-09-19,,"KAP Endeksler (kap.org.tr/tr/Endeksler) + KAP Sektörler, 2026-09-19"
ODAS.IS,ODAŞ ELEKTRİK ÜRETİM SANAYİ TİCARET A.Ş.,ELEKTRİK GAZ VE SU,2026-09-19,,"KAP Endeksler (kap.org.tr/tr/Endeksler) + KAP Sektörler, 2026-09-19"
ODINE.IS,ODİNE SOLUTİONS TEKNOLOJİ TİCARET VE SANAYİ A.Ş.,TEKNOLOJİ,2026-09-19,,"KAP Endeksler (kap.org.tr/tr/Endeksler) + KAP Sektörler, 2026-09-19"
OTKAR.IS,OTOKAR OTOMOTİV VE SAVUNMA SANAYİ A.Ş.,İMALAT,2026-09-19,,"KAP Endeksler (kap.org.tr/tr/Endeksler) + KAP Sektörler, 2026-09-19"
OYAKC.IS,OYAK ÇİMENTO FABRİKALARI A.Ş.,İMALAT,2026-09-19,,"KAP Endeksler (kap.org.tr/tr/Endeksler) + KAP Sektörler, 2026-09-19"
PASEU.IS,PASİFİK EURASİA LOJİSTİK DIŞ TİCARET A.Ş.,ULAŞTIRMA VE DEPOLAMA,2026-09-19,,"KAP Endeksler (kap.org.tr/tr/Endeksler) + KAP Sektörler, 2026-09-19"
PSGYO.IS,PASİFİK GAYRİMENKUL YATIRIM ORTAKLIĞI A.Ş.,MALİ KURULUŞLAR,2026-09-19,,"KAP Endeksler (kap.org.tr/tr/Endeksler) + KAP Sektörler, 2026-09-19"
PAHOL.IS,PASİFİK HOLDİNG A.Ş.,MALİ KURULUŞLAR,2026-09-19,,"KAP Endeksler (kap.org.tr/tr/Endeksler) + KAP Sektörler, 2026-09-19"
PATEK.IS,PASİFİK TEKNOLOJİ A.Ş.,TEKNOLOJİ,2026-09-19,,"KAP Endeksler (kap.org.tr/tr/Endeksler) + KAP Sektörler, 2026-09-19"
PGSUS.IS,PEGASUS HAVA TAŞIMACILIĞI A.Ş.,ULAŞTIRMA VE DEPOLAMA,2026-09-19,,"KAP Endeksler (kap.org.tr/tr/Endeksler) + KAP Sektörler, 2026-09-19"
PETKM.IS,PETKİM PETROKİMYA HOLDİNG A.Ş.,İMALAT,2026-09-19,,"KAP Endeksler (kap.org.tr/tr/Endeksler) + KAP Sektörler, 2026-09-19"
QUAGR.IS,QUA GRANITE HAYAL YAPI VE ÜRÜNLERİ SANAYİ TİCARET A.Ş.,İMALAT,2026-09-19,,"KAP Endeksler (kap.org.tr/tr/Endeksler) + KAP Sektörler, 2026-09-19"
RALYH.IS,RAL YATIRIM HOLDİNG A.Ş.,MALİ KURULUŞLAR,2026-09-19,,"KAP Endeksler (kap.org.tr/tr/Endeksler) + KAP Sektörler, 2026-09-19"
REEDR.IS,REEDER TEKNOLOJİ SANAYİ VE TİCARET A.Ş.,TEKNOLOJİ,2026-09-19,,"KAP Endeksler (kap.org.tr/tr/Endeksler) + KAP Sektörler, 2026-09-19"
SARKY.IS,SARKUYSAN ELEKTROLİTİK BAKIR SANAYİ VE TİCARET A.Ş.,İMALAT,2026-09-19,,"KAP Endeksler (kap.org.tr/tr/Endeksler) + KAP Sektörler, 2026-09-19"
SASA.IS,SASA POLYESTER SANAYİ A.Ş.,İMALAT,2026-09-19,,"KAP Endeksler (kap.org.tr/tr/Endeksler) + KAP Sektörler, 2026-09-19"
SKBNK.IS,ŞEKERBANK T.A.Ş.,MALİ KURULUŞLAR,2026-09-19,,"KAP Endeksler (kap.org.tr/tr/Endeksler) + KAP Sektörler, 2026-09-19"
SOKM.IS,ŞOK MARKETLER TİCARET A.Ş.,TOPTAN VE PERAKENDE TİCARET,2026-09-19,,"KAP Endeksler (kap.org.tr/tr/Endeksler) + KAP Sektörler, 2026-09-19"
TAVHL.IS,TAV HAVALİMANLARI HOLDİNG A.Ş.,MALİ KURULUŞLAR,2026-09-19,,"KAP Endeksler (kap.org.tr/tr/Endeksler) + KAP Sektörler, 2026-09-19"
TKFEN.IS,TEKFEN HOLDİNG A.Ş.,MALİ KURULUŞLAR,2026-09-19,,"KAP Endeksler (kap.org.tr/tr/Endeksler) + KAP Sektörler, 2026-09-19"
TOASO.IS,TOFAŞ TÜRK OTOMOBİL FABRİKASI A.Ş.,İMALAT,2026-09-19,,"KAP Endeksler (kap.org.tr/tr/Endeksler) + KAP Sektörler, 2026-09-19"
TRMET.IS,TR ANADOLU METAL MADENCİLİK İŞLETMELERİ A.Ş.,MADENCİLİK VE TAŞ OCAKÇILIĞI,2026-09-19,,"KAP Endeksler (kap.org.tr/tr/Endeksler) + KAP Sektörler, 2026-09-19"
TRENJ.IS,TR DOĞAL ENERJİ KAYNAKLARI ARAŞTIRMA VE ÜRETİM A.Ş.,MADENCİLİK VE TAŞ OCAKÇILIĞI,2026-09-19,,"KAP Endeksler (kap.org.tr/tr/Endeksler) + KAP Sektörler, 2026-09-19"
TUKAS.IS,TUKAŞ GIDA SANAYİ VE TİCARET A.Ş.,İMALAT,2026-09-19,,"KAP Endeksler (kap.org.tr/tr/Endeksler) + KAP Sektörler, 2026-09-19"
TCELL.IS,TURKCELL İLETİŞİM HİZMETLERİ A.Ş.,TELEKOMÜNİKASYON,2026-09-19,,"KAP Endeksler (kap.org.tr/tr/Endeksler) + KAP Sektörler, 2026-09-19"
TUPRS.IS,TÜPRAŞ-TÜRKİYE PETROL RAFİNERİLERİ A.Ş.,İMALAT,2026-09-19,,"KAP Endeksler (kap.org.tr/tr/Endeksler) + KAP Sektörler, 2026-09-19"
TRALT.IS,TÜRK ALTIN İŞLETMELERİ A.Ş.,MADENCİLİK VE TAŞ OCAKÇILIĞI,2026-09-19,,"KAP Endeksler (kap.org.tr/tr/Endeksler) + KAP Sektörler, 2026-09-19"
THYAO.IS,TÜRK HAVA YOLLARI A.O.,ULAŞTIRMA VE DEPOLAMA,2026-09-19,,"KAP Endeksler (kap.org.tr/tr/Endeksler) + KAP Sektörler, 2026-09-19"
GARAN.IS,TÜRKİYE GARANTİ BANKASI A.Ş.,MALİ KURULUŞLAR,2026-09-19,,"KAP Endeksler (kap.org.tr/tr/Endeksler) + KAP Sektörler, 2026-09-19"
HALKB.IS,TÜRKİYE HALK BANKASI A.Ş.,MALİ KURULUŞLAR,2026-09-19,,"KAP Endeksler (kap.org.tr/tr/Endeksler) + KAP Sektörler, 2026-09-19"
ISCTR.IS,TÜRKİYE İŞ BANKASI A.Ş.,MALİ KURULUŞLAR,2026-09-19,,"KAP Endeksler (kap.org.tr/tr/Endeksler) + KAP Sektörler, 2026-09-19"
TSKB.IS,TÜRKİYE SINAİ KALKINMA BANKASI A.Ş.,MALİ KURULUŞLAR,2026-09-19,,"KAP Endeksler (kap.org.tr/tr/Endeksler) + KAP Sektörler, 2026-09-19"
TURSG.IS,TÜRKİYE SİGORTA A.Ş.,MALİ KURULUŞLAR,2026-09-19,,"KAP Endeksler (kap.org.tr/tr/Endeksler) + KAP Sektörler, 2026-09-19"
SISE.IS,TÜRKİYE ŞİŞE VE CAM FABRİKALARI A.Ş.,MALİ KURULUŞLAR,2026-09-19,,"KAP Endeksler (kap.org.tr/tr/Endeksler) + KAP Sektörler, 2026-09-19"
VAKBN.IS,TÜRKİYE VAKIFLAR BANKASI T.A.O.,MALİ KURULUŞLAR,2026-09-19,,"KAP Endeksler (kap.org.tr/tr/Endeksler) + KAP Sektörler, 2026-09-19"
TTKOM.IS,TÜRK TELEKOMÜNİKASYON A.Ş.,TELEKOMÜNİKASYON,2026-09-19,,"KAP Endeksler (kap.org.tr/tr/Endeksler) + KAP Sektörler, 2026-09-19"
ULKER.IS,ÜLKER BİSKÜVİ SANAYİ A.Ş.,İMALAT,2026-09-19,,"KAP Endeksler (kap.org.tr/tr/Endeksler) + KAP Sektörler, 2026-09-19"
VESTL.IS,VESTEL ELEKTRONİK SANAYİ VE TİCARET A.Ş.,İMALAT,2026-09-19,,"KAP Endeksler (kap.org.tr/tr/Endeksler) + KAP Sektörler, 2026-09-19"
YKBNK.IS,YAPI VE KREDİ BANKASI A.Ş.,MALİ KURULUŞLAR,2026-09-19,,"KAP Endeksler (kap.org.tr/tr/Endeksler) + KAP Sektörler, 2026-09-19"
ZOREN.IS,ZORLU ENERJİ ELEKTRİK ÜRETİM A.Ş.,ELEKTRİK GAZ VE SU,2026-09-19,,"KAP Endeksler (kap.org.tr/tr/Endeksler) + KAP Sektörler, 2026-09-19"
